SQL> SET LINES 100 PAGES 120
SQL> SELECT *
  2  FROM EMP CROSS JOIN DEPT;

     EMPNO ENAME      JOB              MGR HIREDATE         SAL       COMM     DEPTNO     DEPTNO    
---------- ---------- --------- ---------- --------- ---------- ---------- ---------- ----------    
DNAME          LOC                                                                                  
-------------- -------------                                                                        
      7369 SMITH      CLERK           7902 17-DEC-80        800                    20         10    
ACCOUNTING     NEW YORK                                                                             
                                                                                                    
      7499 ALLEN      SALESMAN        7698 20-FEB-81       1600        300         30         10    
ACCOUNTING     NEW YORK                                                                             
                                                                                                    
      7521 WARD       SALESMAN        7698 22-FEB-81       1250        500         30         10    
ACCOUNTING     NEW YORK                                                                             
                                                                                                    
      7566 JONES      MANAGER         7839 02-APR-81       2975                    20         10    
ACCOUNTING     NEW YORK                                                                             
                                                                                                    
      7654 MARTIN     SALESMAN        7698 28-SEP-81       1250       1400         30         10    
ACCOUNTING     NEW YORK                                                                             
                                                                                                    
      7698 BLAKE      MANAGER         7839 01-MAY-81       2850                    30         10    
ACCOUNTING     NEW YORK                                                                             
                                                                                                    
      7782 CLARK      MANAGER         7839 09-JUN-81       2450                    10         10    
ACCOUNTING     NEW YORK                                                                             
                                                                                                    
      7788 SCOTT      ANALYST         7566 19-APR-87       3000                    20         10    
ACCOUNTING     NEW YORK                                                                             
                                                                                                    
      7839 KING       PRESIDENT            17-NOV-81       5000                    10         10    
ACCOUNTING     NEW YORK                                                                             
                                                                                                    
      7844 TURNER     SALESMAN        7698 08-SEP-81       1500          0         30         10    
ACCOUNTING     NEW YORK                                                                             
                                                                                                    
      7876 ADAMS      CLERK           7788 23-MAY-87       1100                    20         10    
ACCOUNTING     NEW YORK                                                                             
                                                                                                    
      7900 JAMES      CLERK           7698 03-DEC-81        950                    30         10    
ACCOUNTING     NEW YORK                                                                             
                                                                                                    
      7902 FORD       ANALYST         7566 03-DEC-81       3000                    20         10    
ACCOUNTING     NEW YORK                                                                             
                                                                                                    
      7934 MILLER     CLERK           7782 23-JAN-82       1300                    10         10    
ACCOUNTING     NEW YORK                                                                             
                                                                                                    
      7369 SMITH      CLERK           7902 17-DEC-80        800                    20         20    
RESEARCH       DALLAS                                                                               
                                                                                                    
      7499 ALLEN      SALESMAN        7698 20-FEB-81       1600        300         30         20    
RESEARCH       DALLAS                                                                               
                                                                                                    
      7521 WARD       SALESMAN        7698 22-FEB-81       1250        500         30         20    
RESEARCH       DALLAS                                                                               
                                                                                                    
      7566 JONES      MANAGER         7839 02-APR-81       2975                    20         20    
RESEARCH       DALLAS                                                                               
                                                                                                    
      7654 MARTIN     SALESMAN        7698 28-SEP-81       1250       1400         30         20    
RESEARCH       DALLAS                                                                               
                                                                                                    
      7698 BLAKE      MANAGER         7839 01-MAY-81       2850                    30         20    
RESEARCH       DALLAS                                                                               
                                                                                                    
      7782 CLARK      MANAGER         7839 09-JUN-81       2450                    10         20    
RESEARCH       DALLAS                                                                               
                                                                                                    
      7788 SCOTT      ANALYST         7566 19-APR-87       3000                    20         20    
RESEARCH       DALLAS                                                                               
                                                                                                    
      7839 KING       PRESIDENT            17-NOV-81       5000                    10         20    
RESEARCH       DALLAS                                                                               
                                                                                                    
      7844 TURNER     SALESMAN        7698 08-SEP-81       1500          0         30         20    
RESEARCH       DALLAS                                                                               
                                                                                                    
      7876 ADAMS      CLERK           7788 23-MAY-87       1100                    20         20    
RESEARCH       DALLAS                                                                               
                                                                                                    
      7900 JAMES      CLERK           7698 03-DEC-81        950                    30         20    
RESEARCH       DALLAS                                                                               
                                                                                                    
      7902 FORD       ANALYST         7566 03-DEC-81       3000                    20         20    
RESEARCH       DALLAS                                                                               
                                                                                                    
      7934 MILLER     CLERK           7782 23-JAN-82       1300                    10         20    
RESEARCH       DALLAS                                                                               
                                                                                                    
      7369 SMITH      CLERK           7902 17-DEC-80        800                    20         30    
SALES          CHICAGO                                                                              
                                                                                                    
      7499 ALLEN      SALESMAN        7698 20-FEB-81       1600        300         30         30    
SALES          CHICAGO                                                                              
                                                                                                    
      7521 WARD       SALESMAN        7698 22-FEB-81       1250        500         30         30    
SALES          CHICAGO                                                                              
                                                                                                    
      7566 JONES      MANAGER         7839 02-APR-81       2975                    20         30    
SALES          CHICAGO                                                                              
                                                                                                    
      7654 MARTIN     SALESMAN        7698 28-SEP-81       1250       1400         30         30    
SALES          CHICAGO                                                                              
                                                                                                    
      7698 BLAKE      MANAGER         7839 01-MAY-81       2850                    30         30    
SALES          CHICAGO                                                                              
                                                                                                    
      7782 CLARK      MANAGER         7839 09-JUN-81       2450                    10         30    
SALES          CHICAGO                                                                              
                                                                                                    
      7788 SCOTT      ANALYST         7566 19-APR-87       3000                    20         30    
SALES          CHICAGO                                                                              
                                                                                                    
      7839 KING       PRESIDENT            17-NOV-81       5000                    10         30    
SALES          CHICAGO                                                                              
                                                                                                    
      7844 TURNER     SALESMAN        7698 08-SEP-81       1500          0         30         30    
SALES          CHICAGO                                                                              
                                                                                                    
      7876 ADAMS      CLERK           7788 23-MAY-87       1100                    20         30    

     EMPNO ENAME      JOB              MGR HIREDATE         SAL       COMM     DEPTNO     DEPTNO    
---------- ---------- --------- ---------- --------- ---------- ---------- ---------- ----------    
DNAME          LOC                                                                                  
-------------- -------------                                                                        
SALES          CHICAGO                                                                              
                                                                                                    
      7900 JAMES      CLERK           7698 03-DEC-81        950                    30         30    
SALES          CHICAGO                                                                              
                                                                                                    
      7902 FORD       ANALYST         7566 03-DEC-81       3000                    20         30    
SALES          CHICAGO                                                                              
                                                                                                    
      7934 MILLER     CLERK           7782 23-JAN-82       1300                    10         30    
SALES          CHICAGO                                                                              
                                                                                                    
      7369 SMITH      CLERK           7902 17-DEC-80        800                    20         40    
OPERATIONS     BOSTON                                                                               
                                                                                                    
      7499 ALLEN      SALESMAN        7698 20-FEB-81       1600        300         30         40    
OPERATIONS     BOSTON                                                                               
                                                                                                    
      7521 WARD       SALESMAN        7698 22-FEB-81       1250        500         30         40    
OPERATIONS     BOSTON                                                                               
                                                                                                    
      7566 JONES      MANAGER         7839 02-APR-81       2975                    20         40    
OPERATIONS     BOSTON                                                                               
                                                                                                    
      7654 MARTIN     SALESMAN        7698 28-SEP-81       1250       1400         30         40    
OPERATIONS     BOSTON                                                                               
                                                                                                    
      7698 BLAKE      MANAGER         7839 01-MAY-81       2850                    30         40    
OPERATIONS     BOSTON                                                                               
                                                                                                    
      7782 CLARK      MANAGER         7839 09-JUN-81       2450                    10         40    
OPERATIONS     BOSTON                                                                               
                                                                                                    
      7788 SCOTT      ANALYST         7566 19-APR-87       3000                    20         40    
OPERATIONS     BOSTON                                                                               
                                                                                                    
      7839 KING       PRESIDENT            17-NOV-81       5000                    10         40    
OPERATIONS     BOSTON                                                                               
                                                                                                    
      7844 TURNER     SALESMAN        7698 08-SEP-81       1500          0         30         40    
OPERATIONS     BOSTON                                                                               
                                                                                                    
      7876 ADAMS      CLERK           7788 23-MAY-87       1100                    20         40    
OPERATIONS     BOSTON                                                                               
                                                                                                    
      7900 JAMES      CLERK           7698 03-DEC-81        950                    30         40    
OPERATIONS     BOSTON                                                                               
                                                                                                    
      7902 FORD       ANALYST         7566 03-DEC-81       3000                    20         40    
OPERATIONS     BOSTON                                                                               
                                                                                                    
      7934 MILLER     CLERK           7782 23-JAN-82       1300                    10         40    
OPERATIONS     BOSTON                                                                               
                                                                                                    

56 rows selected.

SQL> SET LINES 120 PAGES 100
SQL> SELECT *
  2  FROM EMP CROSS JOIN DEPT;

     EMPNO ENAME      JOB              MGR HIREDATE         SAL       COMM     DEPTNO     DEPTNO DNAME                  
---------- ---------- --------- ---------- --------- ---------- ---------- ---------- ---------- --------------         
LOC                                                                                                                     
-------------                                                                                                           
      7369 SMITH      CLERK           7902 17-DEC-80        800                    20         10 ACCOUNTING             
NEW YORK                                                                                                                
                                                                                                                        
      7499 ALLEN      SALESMAN        7698 20-FEB-81       1600        300         30         10 ACCOUNTING             
NEW YORK                                                                                                                
                                                                                                                        
      7521 WARD       SALESMAN        7698 22-FEB-81       1250        500         30         10 ACCOUNTING             
NEW YORK                                                                                                                
                                                                                                                        
      7566 JONES      MANAGER         7839 02-APR-81       2975                    20         10 ACCOUNTING             
NEW YORK                                                                                                                
                                                                                                                        
      7654 MARTIN     SALESMAN        7698 28-SEP-81       1250       1400         30         10 ACCOUNTING             
NEW YORK                                                                                                                
                                                                                                                        
      7698 BLAKE      MANAGER         7839 01-MAY-81       2850                    30         10 ACCOUNTING             
NEW YORK                                                                                                                
                                                                                                                        
      7782 CLARK      MANAGER         7839 09-JUN-81       2450                    10         10 ACCOUNTING             
NEW YORK                                                                                                                
                                                                                                                        
      7788 SCOTT      ANALYST         7566 19-APR-87       3000                    20         10 ACCOUNTING             
NEW YORK                                                                                                                
                                                                                                                        
      7839 KING       PRESIDENT            17-NOV-81       5000                    10         10 ACCOUNTING             
NEW YORK                                                                                                                
                                                                                                                        
      7844 TURNER     SALESMAN        7698 08-SEP-81       1500          0         30         10 ACCOUNTING             
NEW YORK                                                                                                                
                                                                                                                        
      7876 ADAMS      CLERK           7788 23-MAY-87       1100                    20         10 ACCOUNTING             
NEW YORK                                                                                                                
                                                                                                                        
      7900 JAMES      CLERK           7698 03-DEC-81        950                    30         10 ACCOUNTING             
NEW YORK                                                                                                                
                                                                                                                        
      7902 FORD       ANALYST         7566 03-DEC-81       3000                    20         10 ACCOUNTING             
NEW YORK                                                                                                                
                                                                                                                        
      7934 MILLER     CLERK           7782 23-JAN-82       1300                    10         10 ACCOUNTING             
NEW YORK                                                                                                                
                                                                                                                        
      7369 SMITH      CLERK           7902 17-DEC-80        800                    20         20 RESEARCH               
DALLAS                                                                                                                  
                                                                                                                        
      7499 ALLEN      SALESMAN        7698 20-FEB-81       1600        300         30         20 RESEARCH               
DALLAS                                                                                                                  
                                                                                                                        
      7521 WARD       SALESMAN        7698 22-FEB-81       1250        500         30         20 RESEARCH               
DALLAS                                                                                                                  
                                                                                                                        
      7566 JONES      MANAGER         7839 02-APR-81       2975                    20         20 RESEARCH               
DALLAS                                                                                                                  
                                                                                                                        
      7654 MARTIN     SALESMAN        7698 28-SEP-81       1250       1400         30         20 RESEARCH               
DALLAS                                                                                                                  
                                                                                                                        
      7698 BLAKE      MANAGER         7839 01-MAY-81       2850                    30         20 RESEARCH               
DALLAS                                                                                                                  
                                                                                                                        
      7782 CLARK      MANAGER         7839 09-JUN-81       2450                    10         20 RESEARCH               
DALLAS                                                                                                                  
                                                                                                                        
      7788 SCOTT      ANALYST         7566 19-APR-87       3000                    20         20 RESEARCH               
DALLAS                                                                                                                  
                                                                                                                        
      7839 KING       PRESIDENT            17-NOV-81       5000                    10         20 RESEARCH               
DALLAS                                                                                                                  
                                                                                                                        
      7844 TURNER     SALESMAN        7698 08-SEP-81       1500          0         30         20 RESEARCH               
DALLAS                                                                                                                  
                                                                                                                        
      7876 ADAMS      CLERK           7788 23-MAY-87       1100                    20         20 RESEARCH               
DALLAS                                                                                                                  
                                                                                                                        
      7900 JAMES      CLERK           7698 03-DEC-81        950                    30         20 RESEARCH               
DALLAS                                                                                                                  
                                                                                                                        
      7902 FORD       ANALYST         7566 03-DEC-81       3000                    20         20 RESEARCH               
DALLAS                                                                                                                  
                                                                                                                        
      7934 MILLER     CLERK           7782 23-JAN-82       1300                    10         20 RESEARCH               
DALLAS                                                                                                                  
                                                                                                                        
      7369 SMITH      CLERK           7902 17-DEC-80        800                    20         30 SALES                  
CHICAGO                                                                                                                 
                                                                                                                        
      7499 ALLEN      SALESMAN        7698 20-FEB-81       1600        300         30         30 SALES                  
CHICAGO                                                                                                                 
                                                                                                                        
      7521 WARD       SALESMAN        7698 22-FEB-81       1250        500         30         30 SALES                  
CHICAGO                                                                                                                 
                                                                                                                        
      7566 JONES      MANAGER         7839 02-APR-81       2975                    20         30 SALES                  
CHICAGO                                                                                                                 

     EMPNO ENAME      JOB              MGR HIREDATE         SAL       COMM     DEPTNO     DEPTNO DNAME                  
---------- ---------- --------- ---------- --------- ---------- ---------- ---------- ---------- --------------         
LOC                                                                                                                     
-------------                                                                                                           
                                                                                                                        
      7654 MARTIN     SALESMAN        7698 28-SEP-81       1250       1400         30         30 SALES                  
CHICAGO                                                                                                                 
                                                                                                                        
      7698 BLAKE      MANAGER         7839 01-MAY-81       2850                    30         30 SALES                  
CHICAGO                                                                                                                 
                                                                                                                        
      7782 CLARK      MANAGER         7839 09-JUN-81       2450                    10         30 SALES                  
CHICAGO                                                                                                                 
                                                                                                                        
      7788 SCOTT      ANALYST         7566 19-APR-87       3000                    20         30 SALES                  
CHICAGO                                                                                                                 
                                                                                                                        
      7839 KING       PRESIDENT            17-NOV-81       5000                    10         30 SALES                  
CHICAGO                                                                                                                 
                                                                                                                        
      7844 TURNER     SALESMAN        7698 08-SEP-81       1500          0         30         30 SALES                  
CHICAGO                                                                                                                 
                                                                                                                        
      7876 ADAMS      CLERK           7788 23-MAY-87       1100                    20         30 SALES                  
CHICAGO                                                                                                                 
                                                                                                                        
      7900 JAMES      CLERK           7698 03-DEC-81        950                    30         30 SALES                  
CHICAGO                                                                                                                 
                                                                                                                        
      7902 FORD       ANALYST         7566 03-DEC-81       3000                    20         30 SALES                  
CHICAGO                                                                                                                 
                                                                                                                        
      7934 MILLER     CLERK           7782 23-JAN-82       1300                    10         30 SALES                  
CHICAGO                                                                                                                 
                                                                                                                        
      7369 SMITH      CLERK           7902 17-DEC-80        800                    20         40 OPERATIONS             
BOSTON                                                                                                                  
                                                                                                                        
      7499 ALLEN      SALESMAN        7698 20-FEB-81       1600        300         30         40 OPERATIONS             
BOSTON                                                                                                                  
                                                                                                                        
      7521 WARD       SALESMAN        7698 22-FEB-81       1250        500         30         40 OPERATIONS             
BOSTON                                                                                                                  
                                                                                                                        
      7566 JONES      MANAGER         7839 02-APR-81       2975                    20         40 OPERATIONS             
BOSTON                                                                                                                  
                                                                                                                        
      7654 MARTIN     SALESMAN        7698 28-SEP-81       1250       1400         30         40 OPERATIONS             
BOSTON                                                                                                                  
                                                                                                                        
      7698 BLAKE      MANAGER         7839 01-MAY-81       2850                    30         40 OPERATIONS             
BOSTON                                                                                                                  
                                                                                                                        
      7782 CLARK      MANAGER         7839 09-JUN-81       2450                    10         40 OPERATIONS             
BOSTON                                                                                                                  
                                                                                                                        
      7788 SCOTT      ANALYST         7566 19-APR-87       3000                    20         40 OPERATIONS             
BOSTON                                                                                                                  
                                                                                                                        
      7839 KING       PRESIDENT            17-NOV-81       5000                    10         40 OPERATIONS             
BOSTON                                                                                                                  
                                                                                                                        
      7844 TURNER     SALESMAN        7698 08-SEP-81       1500          0         30         40 OPERATIONS             
BOSTON                                                                                                                  
                                                                                                                        
      7876 ADAMS      CLERK           7788 23-MAY-87       1100                    20         40 OPERATIONS             
BOSTON                                                                                                                  
                                                                                                                        
      7900 JAMES      CLERK           7698 03-DEC-81        950                    30         40 OPERATIONS             
BOSTON                                                                                                                  
                                                                                                                        
      7902 FORD       ANALYST         7566 03-DEC-81       3000                    20         40 OPERATIONS             
BOSTON                                                                                                                  
                                                                                                                        
      7934 MILLER     CLERK           7782 23-JAN-82       1300                    10         40 OPERATIONS             
BOSTON                                                                                                                  
                                                                                                                        

56 rows selected.

SQL> ED
Wrote file afiedt.buf

  1* SET LINES 140 PAGES 140
  2  /
SET LINES 140 PAGES 140
    *
ERROR at line 1:
ORA-00922: missing or invalid option 


SQL> ED
Wrote file afiedt.buf

  1* SET LINES 140 PAGES 140
SQL> ED
Wrote file afiedt.buf

  1* SET LINES 150 PAGES 150
SQL> /
SET LINES 150 PAGES 150
    *
ERROR at line 1:
ORA-00922: missing or invalid option 


SQL> SET LINES 150 PAGES 150
SQL> ED
Wrote file afiedt.buf

  1  SELECT *
  2* FROM EMP CROSS JOIN DEPT
SQL> /

     EMPNO ENAME      JOB              MGR HIREDATE         SAL       COMM     DEPTNO     DEPTNO DNAME          LOC                                   
---------- ---------- --------- ---------- --------- ---------- ---------- ---------- ---------- -------------- -------------                         
      7369 SMITH      CLERK           7902 17-DEC-80        800                    20         10 ACCOUNTING     NEW YORK                              
      7499 ALLEN      SALESMAN        7698 20-FEB-81       1600        300         30         10 ACCOUNTING     NEW YORK                              
      7521 WARD       SALESMAN        7698 22-FEB-81       1250        500         30         10 ACCOUNTING     NEW YORK                              
      7566 JONES      MANAGER         7839 02-APR-81       2975                    20         10 ACCOUNTING     NEW YORK                              
      7654 MARTIN     SALESMAN        7698 28-SEP-81       1250       1400         30         10 ACCOUNTING     NEW YORK                              
      7698 BLAKE      MANAGER         7839 01-MAY-81       2850                    30         10 ACCOUNTING     NEW YORK                              
      7782 CLARK      MANAGER         7839 09-JUN-81       2450                    10         10 ACCOUNTING     NEW YORK                              
      7788 SCOTT      ANALYST         7566 19-APR-87       3000                    20         10 ACCOUNTING     NEW YORK                              
      7839 KING       PRESIDENT            17-NOV-81       5000                    10         10 ACCOUNTING     NEW YORK                              
      7844 TURNER     SALESMAN        7698 08-SEP-81       1500          0         30         10 ACCOUNTING     NEW YORK                              
      7876 ADAMS      CLERK           7788 23-MAY-87       1100                    20         10 ACCOUNTING     NEW YORK                              
      7900 JAMES      CLERK           7698 03-DEC-81        950                    30         10 ACCOUNTING     NEW YORK                              
      7902 FORD       ANALYST         7566 03-DEC-81       3000                    20         10 ACCOUNTING     NEW YORK                              
      7934 MILLER     CLERK           7782 23-JAN-82       1300                    10         10 ACCOUNTING     NEW YORK                              
      7369 SMITH      CLERK           7902 17-DEC-80        800                    20         20 RESEARCH       DALLAS                                
      7499 ALLEN      SALESMAN        7698 20-FEB-81       1600        300         30         20 RESEARCH       DALLAS                                
      7521 WARD       SALESMAN        7698 22-FEB-81       1250        500         30         20 RESEARCH       DALLAS                                
      7566 JONES      MANAGER         7839 02-APR-81       2975                    20         20 RESEARCH       DALLAS                                
      7654 MARTIN     SALESMAN        7698 28-SEP-81       1250       1400         30         20 RESEARCH       DALLAS                                
      7698 BLAKE      MANAGER         7839 01-MAY-81       2850                    30         20 RESEARCH       DALLAS                                
      7782 CLARK      MANAGER         7839 09-JUN-81       2450                    10         20 RESEARCH       DALLAS                                
      7788 SCOTT      ANALYST         7566 19-APR-87       3000                    20         20 RESEARCH       DALLAS                                
      7839 KING       PRESIDENT            17-NOV-81       5000                    10         20 RESEARCH       DALLAS                                
      7844 TURNER     SALESMAN        7698 08-SEP-81       1500          0         30         20 RESEARCH       DALLAS                                
      7876 ADAMS      CLERK           7788 23-MAY-87       1100                    20         20 RESEARCH       DALLAS                                
      7900 JAMES      CLERK           7698 03-DEC-81        950                    30         20 RESEARCH       DALLAS                                
      7902 FORD       ANALYST         7566 03-DEC-81       3000                    20         20 RESEARCH       DALLAS                                
      7934 MILLER     CLERK           7782 23-JAN-82       1300                    10         20 RESEARCH       DALLAS                                
      7369 SMITH      CLERK           7902 17-DEC-80        800                    20         30 SALES          CHICAGO                               
      7499 ALLEN      SALESMAN        7698 20-FEB-81       1600        300         30         30 SALES          CHICAGO                               
      7521 WARD       SALESMAN        7698 22-FEB-81       1250        500         30         30 SALES          CHICAGO                               
      7566 JONES      MANAGER         7839 02-APR-81       2975                    20         30 SALES          CHICAGO                               
      7654 MARTIN     SALESMAN        7698 28-SEP-81       1250       1400         30         30 SALES          CHICAGO                               
      7698 BLAKE      MANAGER         7839 01-MAY-81       2850                    30         30 SALES          CHICAGO                               
      7782 CLARK      MANAGER         7839 09-JUN-81       2450                    10         30 SALES          CHICAGO                               
      7788 SCOTT      ANALYST         7566 19-APR-87       3000                    20         30 SALES          CHICAGO                               
      7839 KING       PRESIDENT            17-NOV-81       5000                    10         30 SALES          CHICAGO                               
      7844 TURNER     SALESMAN        7698 08-SEP-81       1500          0         30         30 SALES          CHICAGO                               
      7876 ADAMS      CLERK           7788 23-MAY-87       1100                    20         30 SALES          CHICAGO                               
      7900 JAMES      CLERK           7698 03-DEC-81        950                    30         30 SALES          CHICAGO                               
      7902 FORD       ANALYST         7566 03-DEC-81       3000                    20         30 SALES          CHICAGO                               
      7934 MILLER     CLERK           7782 23-JAN-82       1300                    10         30 SALES          CHICAGO                               
      7369 SMITH      CLERK           7902 17-DEC-80        800                    20         40 OPERATIONS     BOSTON                                
      7499 ALLEN      SALESMAN        7698 20-FEB-81       1600        300         30         40 OPERATIONS     BOSTON                                
      7521 WARD       SALESMAN        7698 22-FEB-81       1250        500         30         40 OPERATIONS     BOSTON                                
      7566 JONES      MANAGER         7839 02-APR-81       2975                    20         40 OPERATIONS     BOSTON                                
      7654 MARTIN     SALESMAN        7698 28-SEP-81       1250       1400         30         40 OPERATIONS     BOSTON                                
      7698 BLAKE      MANAGER         7839 01-MAY-81       2850                    30         40 OPERATIONS     BOSTON                                
      7782 CLARK      MANAGER         7839 09-JUN-81       2450                    10         40 OPERATIONS     BOSTON                                
      7788 SCOTT      ANALYST         7566 19-APR-87       3000                    20         40 OPERATIONS     BOSTON                                
      7839 KING       PRESIDENT            17-NOV-81       5000                    10         40 OPERATIONS     BOSTON                                
      7844 TURNER     SALESMAN        7698 08-SEP-81       1500          0         30         40 OPERATIONS     BOSTON                                
      7876 ADAMS      CLERK           7788 23-MAY-87       1100                    20         40 OPERATIONS     BOSTON                                
      7900 JAMES      CLERK           7698 03-DEC-81        950                    30         40 OPERATIONS     BOSTON                                
      7902 FORD       ANALYST         7566 03-DEC-81       3000                    20         40 OPERATIONS     BOSTON                                
      7934 MILLER     CLERK           7782 23-JAN-82       1300                    10         40 OPERATIONS     BOSTON                                

56 rows selected.

SQL> ED
Wrote file afiedt.buf

  1  SELECT *
  2* FROM EMP , DEPT
SQL> /

     EMPNO ENAME      JOB              MGR HIREDATE         SAL       COMM     DEPTNO     DEPTNO DNAME          LOC                                   
---------- ---------- --------- ---------- --------- ---------- ---------- ---------- ---------- -------------- -------------                         
      7369 SMITH      CLERK           7902 17-DEC-80        800                    20         10 ACCOUNTING     NEW YORK                              
      7499 ALLEN      SALESMAN        7698 20-FEB-81       1600        300         30         10 ACCOUNTING     NEW YORK                              
      7521 WARD       SALESMAN        7698 22-FEB-81       1250        500         30         10 ACCOUNTING     NEW YORK                              
      7566 JONES      MANAGER         7839 02-APR-81       2975                    20         10 ACCOUNTING     NEW YORK                              
      7654 MARTIN     SALESMAN        7698 28-SEP-81       1250       1400         30         10 ACCOUNTING     NEW YORK                              
      7698 BLAKE      MANAGER         7839 01-MAY-81       2850                    30         10 ACCOUNTING     NEW YORK                              
      7782 CLARK      MANAGER         7839 09-JUN-81       2450                    10         10 ACCOUNTING     NEW YORK                              
      7788 SCOTT      ANALYST         7566 19-APR-87       3000                    20         10 ACCOUNTING     NEW YORK                              
      7839 KING       PRESIDENT            17-NOV-81       5000                    10         10 ACCOUNTING     NEW YORK                              
      7844 TURNER     SALESMAN        7698 08-SEP-81       1500          0         30         10 ACCOUNTING     NEW YORK                              
      7876 ADAMS      CLERK           7788 23-MAY-87       1100                    20         10 ACCOUNTING     NEW YORK                              
      7900 JAMES      CLERK           7698 03-DEC-81        950                    30         10 ACCOUNTING     NEW YORK                              
      7902 FORD       ANALYST         7566 03-DEC-81       3000                    20         10 ACCOUNTING     NEW YORK                              
      7934 MILLER     CLERK           7782 23-JAN-82       1300                    10         10 ACCOUNTING     NEW YORK                              
      7369 SMITH      CLERK           7902 17-DEC-80        800                    20         20 RESEARCH       DALLAS                                
      7499 ALLEN      SALESMAN        7698 20-FEB-81       1600        300         30         20 RESEARCH       DALLAS                                
      7521 WARD       SALESMAN        7698 22-FEB-81       1250        500         30         20 RESEARCH       DALLAS                                
      7566 JONES      MANAGER         7839 02-APR-81       2975                    20         20 RESEARCH       DALLAS                                
      7654 MARTIN     SALESMAN        7698 28-SEP-81       1250       1400         30         20 RESEARCH       DALLAS                                
      7698 BLAKE      MANAGER         7839 01-MAY-81       2850                    30         20 RESEARCH       DALLAS                                
      7782 CLARK      MANAGER         7839 09-JUN-81       2450                    10         20 RESEARCH       DALLAS                                
      7788 SCOTT      ANALYST         7566 19-APR-87       3000                    20         20 RESEARCH       DALLAS                                
      7839 KING       PRESIDENT            17-NOV-81       5000                    10         20 RESEARCH       DALLAS                                
      7844 TURNER     SALESMAN        7698 08-SEP-81       1500          0         30         20 RESEARCH       DALLAS                                
      7876 ADAMS      CLERK           7788 23-MAY-87       1100                    20         20 RESEARCH       DALLAS                                
      7900 JAMES      CLERK           7698 03-DEC-81        950                    30         20 RESEARCH       DALLAS                                
      7902 FORD       ANALYST         7566 03-DEC-81       3000                    20         20 RESEARCH       DALLAS                                
      7934 MILLER     CLERK           7782 23-JAN-82       1300                    10         20 RESEARCH       DALLAS                                
      7369 SMITH      CLERK           7902 17-DEC-80        800                    20         30 SALES          CHICAGO                               
      7499 ALLEN      SALESMAN        7698 20-FEB-81       1600        300         30         30 SALES          CHICAGO                               
      7521 WARD       SALESMAN        7698 22-FEB-81       1250        500         30         30 SALES          CHICAGO                               
      7566 JONES      MANAGER         7839 02-APR-81       2975                    20         30 SALES          CHICAGO                               
      7654 MARTIN     SALESMAN        7698 28-SEP-81       1250       1400         30         30 SALES          CHICAGO                               
      7698 BLAKE      MANAGER         7839 01-MAY-81       2850                    30         30 SALES          CHICAGO                               
      7782 CLARK      MANAGER         7839 09-JUN-81       2450                    10         30 SALES          CHICAGO                               
      7788 SCOTT      ANALYST         7566 19-APR-87       3000                    20         30 SALES          CHICAGO                               
      7839 KING       PRESIDENT            17-NOV-81       5000                    10         30 SALES          CHICAGO                               
      7844 TURNER     SALESMAN        7698 08-SEP-81       1500          0         30         30 SALES          CHICAGO                               
      7876 ADAMS      CLERK           7788 23-MAY-87       1100                    20         30 SALES          CHICAGO                               
      7900 JAMES      CLERK           7698 03-DEC-81        950                    30         30 SALES          CHICAGO                               
      7902 FORD       ANALYST         7566 03-DEC-81       3000                    20         30 SALES          CHICAGO                               
      7934 MILLER     CLERK           7782 23-JAN-82       1300                    10         30 SALES          CHICAGO                               
      7369 SMITH      CLERK           7902 17-DEC-80        800                    20         40 OPERATIONS     BOSTON                                
      7499 ALLEN      SALESMAN        7698 20-FEB-81       1600        300         30         40 OPERATIONS     BOSTON                                
      7521 WARD       SALESMAN        7698 22-FEB-81       1250        500         30         40 OPERATIONS     BOSTON                                
      7566 JONES      MANAGER         7839 02-APR-81       2975                    20         40 OPERATIONS     BOSTON                                
      7654 MARTIN     SALESMAN        7698 28-SEP-81       1250       1400         30         40 OPERATIONS     BOSTON                                
      7698 BLAKE      MANAGER         7839 01-MAY-81       2850                    30         40 OPERATIONS     BOSTON                                
      7782 CLARK      MANAGER         7839 09-JUN-81       2450                    10         40 OPERATIONS     BOSTON                                
      7788 SCOTT      ANALYST         7566 19-APR-87       3000                    20         40 OPERATIONS     BOSTON                                
      7839 KING       PRESIDENT            17-NOV-81       5000                    10         40 OPERATIONS     BOSTON                                
      7844 TURNER     SALESMAN        7698 08-SEP-81       1500          0         30         40 OPERATIONS     BOSTON                                
      7876 ADAMS      CLERK           7788 23-MAY-87       1100                    20         40 OPERATIONS     BOSTON                                
      7900 JAMES      CLERK           7698 03-DEC-81        950                    30         40 OPERATIONS     BOSTON                                
      7902 FORD       ANALYST         7566 03-DEC-81       3000                    20         40 OPERATIONS     BOSTON                                
      7934 MILLER     CLERK           7782 23-JAN-82       1300                    10         40 OPERATIONS     BOSTON                                

56 rows selected.

SQL> ED
Wrote file afiedt.buf

  1  SELECT *
  2  FROM EMP INNER JOIN DEPT
  3* ON EMP.DEPTNO=DEPT.DEPTNO
SQL> /

     EMPNO ENAME      JOB              MGR HIREDATE         SAL       COMM     DEPTNO     DEPTNO DNAME          LOC                                   
---------- ---------- --------- ---------- --------- ---------- ---------- ---------- ---------- -------------- -------------                         
      7369 SMITH      CLERK           7902 17-DEC-80        800                    20         20 RESEARCH       DALLAS                                
      7499 ALLEN      SALESMAN        7698 20-FEB-81       1600        300         30         30 SALES          CHICAGO                               
      7521 WARD       SALESMAN        7698 22-FEB-81       1250        500         30         30 SALES          CHICAGO                               
      7566 JONES      MANAGER         7839 02-APR-81       2975                    20         20 RESEARCH       DALLAS                                
      7654 MARTIN     SALESMAN        7698 28-SEP-81       1250       1400         30         30 SALES          CHICAGO                               
      7698 BLAKE      MANAGER         7839 01-MAY-81       2850                    30         30 SALES          CHICAGO                               
      7782 CLARK      MANAGER         7839 09-JUN-81       2450                    10         10 ACCOUNTING     NEW YORK                              
      7788 SCOTT      ANALYST         7566 19-APR-87       3000                    20         20 RESEARCH       DALLAS                                
      7839 KING       PRESIDENT            17-NOV-81       5000                    10         10 ACCOUNTING     NEW YORK                              
      7844 TURNER     SALESMAN        7698 08-SEP-81       1500          0         30         30 SALES          CHICAGO                               
      7876 ADAMS      CLERK           7788 23-MAY-87       1100                    20         20 RESEARCH       DALLAS                                
      7900 JAMES      CLERK           7698 03-DEC-81        950                    30         30 SALES          CHICAGO                               
      7902 FORD       ANALYST         7566 03-DEC-81       3000                    20         20 RESEARCH       DALLAS                                
      7934 MILLER     CLERK           7782 23-JAN-82       1300                    10         10 ACCOUNTING     NEW YORK                              

14 rows selected.

SQL> ED
Wrote file afiedt.buf

  1  SELECT *
  2  FROM EMP , DEPT
  3* WHERE EMP.DEPTNO=DEPT.DEPTNO
SQL> /

     EMPNO ENAME      JOB              MGR HIREDATE         SAL       COMM     DEPTNO     DEPTNO DNAME          LOC                                   
---------- ---------- --------- ---------- --------- ---------- ---------- ---------- ---------- -------------- -------------                         
      7369 SMITH      CLERK           7902 17-DEC-80        800                    20         20 RESEARCH       DALLAS                                
      7499 ALLEN      SALESMAN        7698 20-FEB-81       1600        300         30         30 SALES          CHICAGO                               
      7521 WARD       SALESMAN        7698 22-FEB-81       1250        500         30         30 SALES          CHICAGO                               
      7566 JONES      MANAGER         7839 02-APR-81       2975                    20         20 RESEARCH       DALLAS                                
      7654 MARTIN     SALESMAN        7698 28-SEP-81       1250       1400         30         30 SALES          CHICAGO                               
      7698 BLAKE      MANAGER         7839 01-MAY-81       2850                    30         30 SALES          CHICAGO                               
      7782 CLARK      MANAGER         7839 09-JUN-81       2450                    10         10 ACCOUNTING     NEW YORK                              
      7788 SCOTT      ANALYST         7566 19-APR-87       3000                    20         20 RESEARCH       DALLAS                                
      7839 KING       PRESIDENT            17-NOV-81       5000                    10         10 ACCOUNTING     NEW YORK                              
      7844 TURNER     SALESMAN        7698 08-SEP-81       1500          0         30         30 SALES          CHICAGO                               
      7876 ADAMS      CLERK           7788 23-MAY-87       1100                    20         20 RESEARCH       DALLAS                                
      7900 JAMES      CLERK           7698 03-DEC-81        950                    30         30 SALES          CHICAGO                               
      7902 FORD       ANALYST         7566 03-DEC-81       3000                    20         20 RESEARCH       DALLAS                                
      7934 MILLER     CLERK           7782 23-JAN-82       1300                    10         10 ACCOUNTING     NEW YORK                              

14 rows selected.

SQL> ED
Wrote file afiedt.buf

  1  SELECT *
  2  FROM EMP LEFT  JOIN DEPT
  3* ON EMP.DEPTNO=DEPT.DEPTNO
SQL> /

     EMPNO ENAME      JOB              MGR HIREDATE         SAL       COMM     DEPTNO     DEPTNO DNAME          LOC                                   
---------- ---------- --------- ---------- --------- ---------- ---------- ---------- ---------- -------------- -------------                         
      7369 SMITH      CLERK           7902 17-DEC-80        800                    20         20 RESEARCH       DALLAS                                
      7499 ALLEN      SALESMAN        7698 20-FEB-81       1600        300         30         30 SALES          CHICAGO                               
      7521 WARD       SALESMAN        7698 22-FEB-81       1250        500         30         30 SALES          CHICAGO                               
      7566 JONES      MANAGER         7839 02-APR-81       2975                    20         20 RESEARCH       DALLAS                                
      7654 MARTIN     SALESMAN        7698 28-SEP-81       1250       1400         30         30 SALES          CHICAGO                               
      7698 BLAKE      MANAGER         7839 01-MAY-81       2850                    30         30 SALES          CHICAGO                               
      7782 CLARK      MANAGER         7839 09-JUN-81       2450                    10         10 ACCOUNTING     NEW YORK                              
      7788 SCOTT      ANALYST         7566 19-APR-87       3000                    20         20 RESEARCH       DALLAS                                
      7839 KING       PRESIDENT            17-NOV-81       5000                    10         10 ACCOUNTING     NEW YORK                              
      7844 TURNER     SALESMAN        7698 08-SEP-81       1500          0         30         30 SALES          CHICAGO                               
      7876 ADAMS      CLERK           7788 23-MAY-87       1100                    20         20 RESEARCH       DALLAS                                
      7900 JAMES      CLERK           7698 03-DEC-81        950                    30         30 SALES          CHICAGO                               
      7902 FORD       ANALYST         7566 03-DEC-81       3000                    20         20 RESEARCH       DALLAS                                
      7934 MILLER     CLERK           7782 23-JAN-82       1300                    10         10 ACCOUNTING     NEW YORK                              

14 rows selected.

SQL> ED
Wrote file afiedt.buf

  1  SELECT *
  2  FROM EMP RIGHT  JOIN DEPT
  3* ON EMP.DEPTNO=DEPT.DEPTNO
SQL> /

     EMPNO ENAME      JOB              MGR HIREDATE         SAL       COMM     DEPTNO     DEPTNO DNAME          LOC                                   
---------- ---------- --------- ---------- --------- ---------- ---------- ---------- ---------- -------------- -------------                         
      7782 CLARK      MANAGER         7839 09-JUN-81       2450                    10         10 ACCOUNTING     NEW YORK                              
      7839 KING       PRESIDENT            17-NOV-81       5000                    10         10 ACCOUNTING     NEW YORK                              
      7934 MILLER     CLERK           7782 23-JAN-82       1300                    10         10 ACCOUNTING     NEW YORK                              
      7566 JONES      MANAGER         7839 02-APR-81       2975                    20         20 RESEARCH       DALLAS                                
      7902 FORD       ANALYST         7566 03-DEC-81       3000                    20         20 RESEARCH       DALLAS                                
      7876 ADAMS      CLERK           7788 23-MAY-87       1100                    20         20 RESEARCH       DALLAS                                
      7369 SMITH      CLERK           7902 17-DEC-80        800                    20         20 RESEARCH       DALLAS                                
      7788 SCOTT      ANALYST         7566 19-APR-87       3000                    20         20 RESEARCH       DALLAS                                
      7521 WARD       SALESMAN        7698 22-FEB-81       1250        500         30         30 SALES          CHICAGO                               
      7844 TURNER     SALESMAN        7698 08-SEP-81       1500          0         30         30 SALES          CHICAGO                               
      7499 ALLEN      SALESMAN        7698 20-FEB-81       1600        300         30         30 SALES          CHICAGO                               
      7900 JAMES      CLERK           7698 03-DEC-81        950                    30         30 SALES          CHICAGO                               
      7698 BLAKE      MANAGER         7839 01-MAY-81       2850                    30         30 SALES          CHICAGO                               
      7654 MARTIN     SALESMAN        7698 28-SEP-81       1250       1400         30         30 SALES          CHICAGO                               
                                                                                              40 OPERATIONS     BOSTON                                

15 rows selected.

SQL> ED
Wrote file afiedt.buf

  1  SELECT *
  2  FROM EMP FULL JOIN DEPT
  3* ON EMP.DEPTNO=DEPT.DEPTNO
SQL> /

     EMPNO ENAME      JOB              MGR HIREDATE         SAL       COMM     DEPTNO     DEPTNO DNAME          LOC                                   
---------- ---------- --------- ---------- --------- ---------- ---------- ---------- ---------- -------------- -------------                         
      7369 SMITH      CLERK           7902 17-DEC-80        800                    20         20 RESEARCH       DALLAS                                
      7499 ALLEN      SALESMAN        7698 20-FEB-81       1600        300         30         30 SALES          CHICAGO                               
      7521 WARD       SALESMAN        7698 22-FEB-81       1250        500         30         30 SALES          CHICAGO                               
      7566 JONES      MANAGER         7839 02-APR-81       2975                    20         20 RESEARCH       DALLAS                                
      7654 MARTIN     SALESMAN        7698 28-SEP-81       1250       1400         30         30 SALES          CHICAGO                               
      7698 BLAKE      MANAGER         7839 01-MAY-81       2850                    30         30 SALES          CHICAGO                               
      7782 CLARK      MANAGER         7839 09-JUN-81       2450                    10         10 ACCOUNTING     NEW YORK                              
      7788 SCOTT      ANALYST         7566 19-APR-87       3000                    20         20 RESEARCH       DALLAS                                
      7839 KING       PRESIDENT            17-NOV-81       5000                    10         10 ACCOUNTING     NEW YORK                              
      7844 TURNER     SALESMAN        7698 08-SEP-81       1500          0         30         30 SALES          CHICAGO                               
      7876 ADAMS      CLERK           7788 23-MAY-87       1100                    20         20 RESEARCH       DALLAS                                
      7900 JAMES      CLERK           7698 03-DEC-81        950                    30         30 SALES          CHICAGO                               
      7902 FORD       ANALYST         7566 03-DEC-81       3000                    20         20 RESEARCH       DALLAS                                
      7934 MILLER     CLERK           7782 23-JAN-82       1300                    10         10 ACCOUNTING     NEW YORK                              
                                                                                              40 OPERATIONS     BOSTON                                

15 rows selected.

SQL> ED
Wrote file afiedt.buf

  1  SELECT *
  2  FROM EMP FULL JOIN DEPT
  3  ON EMP.DEPTNO=DEPT.DEPTNO
  4* WHERE EMPNO IS NULL
SQL> /

     EMPNO ENAME      JOB              MGR HIREDATE         SAL       COMM     DEPTNO     DEPTNO DNAME          LOC                                   
---------- ---------- --------- ---------- --------- ---------- ---------- ---------- ---------- -------------- -------------                         
                                                                                              40 OPERATIONS     BOSTON                                

SQL> ED
Wrote file afiedt.buf

  1  SELECT *
  2  FROM DEPT FULL JOIN DEPT
  3  ON EMP.DEPTNO=DEPT.DEPTNO
  4* WHERE EMPNO IS NULL
SQL> /
ON EMP.DEPTNO=DEPT.DEPTNO
   *
ERROR at line 3:
ORA-00904: "EMP"."DEPTNO": invalid identifier 


SQL> ED
Wrote file afiedt.buf

  1  SELECT *
  2  FROM DEPT FULL JOIN EMP
  3  ON EMP.DEPTNO=DEPT.DEPTNO
  4* WHERE EMPNO IS NULL
SQL> /

    DEPTNO DNAME          LOC                EMPNO ENAME      JOB              MGR HIREDATE         SAL       COMM     DEPTNO                         
---------- -------------- ------------- ---------- ---------- --------- ---------- --------- ---------- ---------- ----------                         
        40 OPERATIONS     BOSTON                                                                                                                      

SQL> ED
Wrote file afiedt.buf

  1  SELECT *
  2  FROM DEPT FULL JOIN EMP
  3  ON EMP.DEPTNO=DEPT.DEPTNO
  4* WHERE EMPNO IS EXISTS
SQL> /
WHERE EMPNO IS EXISTS
               *
ERROR at line 4:
ORA-00908: missing NULL keyword 


SQL> ED
Wrote file afiedt.buf

  1  SELECT *
  2  FROM DEPT FULL JOIN EMP
  3  ON EMP.DEPTNO=DEPT.DEPTNO
  4* WHERE EMPNO  EXISTS
SQL> /
WHERE EMPNO  EXISTS
             *
ERROR at line 4:
ORA-00920: invalid relational operator 


SQL> ED
Wrote file afiedt.buf

  1  SELECT SAL
  2  FROM EMP
  3  WHERE DEPTNO IN (SELECT DEPTNO
  4                   FROM EMP
  5                   WHERE EMPNO IN(SELECT MGR
  6                                  FROM EMP
  7*                                 WHERE ENAME='SCOTT'))
SQL> /

       SAL                                                                                                                                            
----------                                                                                                                                            
      3000                                                                                                                                            
      1100                                                                                                                                            
      3000                                                                                                                                            
      2975                                                                                                                                            
       800                                                                                                                                            

SQL> ED
Wrote file afiedt.buf

  1  SELECT SAL
  2  FROM EMP
  3  WHERE DEPTNO IN (SELECT DEPTNO
  4                   FROM EMP
  5                   WHERE EMPNO IN(SELECT MGR
  6                                  FROM EMP
  7*                                 WHERE ENAME='SCOTT'))
SQL> /

       SAL                                                                                                                                            
----------                                                                                                                                            
      3000                                                                                                                                            
      1100                                                                                                                                            
      3000                                                                                                                                            
      2975                                                                                                                                            
       800                                                                                                                                            

SQL> ED
Wrote file afiedt.buf

  1  SELECT MAX(SAL)
  2  FROM EMP
  3  WHERE DEPTNO IN (SELECT DEPTNO
  4                   FROM EMP
  5                   WHERE EMPNO IN(SELECT MGR
  6                                  FROM EMP
  7*                                 WHERE ENAME='SCOTT'))
SQL> /

  MAX(SAL)                                                                                                                                            
----------                                                                                                                                            
      3000                                                                                                                                            

SQL> ED
Wrote file afiedt.buf

  1  SELECT MAX(SAL),ENAME
  2  FROM EMP
  3  WHERE DEPTNO IN (SELECT DEPTNO
  4                   FROM EMP
  5                   WHERE EMPNO IN(SELECT MGR
  6                                  FROM EMP
  7*                                 WHERE ENAME='SCOTT'))
SQL> /
SELECT MAX(SAL),ENAME
                *
ERROR at line 1:
ORA-00937: not a single-group group function 


SQL> ED
Wrote file afiedt.buf

  1  SELECT SAL,ENAME
  2  FROM EMP
  3  WHERE DEPTNO IN (SELECT DEPTNO
  4                   FROM EMP
  5                   WHERE EMPNO IN(SELECT MGR
  6                                  FROM EMP
  7*                                 WHERE ENAME='SCOTT'))
SQL> /

       SAL ENAME                                                                                                                                      
---------- ----------                                                                                                                                 
      3000 FORD                                                                                                                                       
      1100 ADAMS                                                                                                                                      
      3000 SCOTT                                                                                                                                      
      2975 JONES                                                                                                                                      
       800 SMITH                                                                                                                                      

SQL> SELECT *
  2  FROM EMP E1 JOIN EMP E2
  3  ON E1.MGR=E2.EMPNO
  4  WHERE E1.ENAME='SCOTT';

     EMPNO ENAME      JOB              MGR HIREDATE         SAL       COMM     DEPTNO      EMPNO ENAME      JOB              MGR HIREDATE         SAL 
---------- ---------- --------- ---------- --------- ---------- ---------- ---------- ---------- ---------- --------- ---------- --------- ---------- 
      COMM     DEPTNO                                                                                                                                 
---------- ----------                                                                                                                                 
      7788 SCOTT      ANALYST         7566 19-APR-87       3000                    20       7566 JONES      MANAGER         7839 02-APR-81       2975 
                   20                                                                                                                                 
                                                                                                                                                      

SQL> SET LINES 100 PAGES 120
SQL> SELECT E1.SAL,E2.SAL
  2  FROM EMP E1 JOIN EMP E2
  3  ON E1.MGR=E2.EMPNO
  4  WHERE E1.NAME='SCOTT';
WHERE E1.NAME='SCOTT'
      *
ERROR at line 4:
ORA-00904: "E1"."NAME": invalid identifier 


SQL> ED
Wrote file afiedt.buf

  1  SELECT E1.SAL,E1.ENAME,E2.SAL,E2.ENAME
  2  FROM EMP E1 JOIN EMP E2
  3  ON E1.MGR=E2.EMPNO
  4* WHERE E1.ENAME='SCOTT'
SQL> /

       SAL ENAME             SAL ENAME                                                              
---------- ---------- ---------- ----------                                                         
      3000 SCOTT            2975 JONES                                                              

SQL> SELECT *
  2  FROM EMP;

     EMPNO ENAME      JOB              MGR HIREDATE         SAL       COMM     DEPTNO               
---------- ---------- --------- ---------- --------- ---------- ---------- ----------               
      7369 SMITH      CLERK           7902 17-DEC-80        800                    20               
      7499 ALLEN      SALESMAN        7698 20-FEB-81       1600        300         30               
      7521 WARD       SALESMAN        7698 22-FEB-81       1250        500         30               
      7566 JONES      MANAGER         7839 02-APR-81       2975                    20               
      7654 MARTIN     SALESMAN        7698 28-SEP-81       1250       1400         30               
      7698 BLAKE      MANAGER         7839 01-MAY-81       2850                    30               
      7782 CLARK      MANAGER         7839 09-JUN-81       2450                    10               
      7788 SCOTT      ANALYST         7566 19-APR-87       3000                    20               
      7839 KING       PRESIDENT            17-NOV-81       5000                    10               
      7844 TURNER     SALESMAN        7698 08-SEP-81       1500          0         30               
      7876 ADAMS      CLERK           7788 23-MAY-87       1100                    20               
      7900 JAMES      CLERK           7698 03-DEC-81        950                    30               
      7902 FORD       ANALYST         7566 03-DEC-81       3000                    20               
      7934 MILLER     CLERK           7782 23-JAN-82       1300                    10               

14 rows selected.

SQL> SELECT ENAME,SAL
  2  FROM EMP
  3  WHERE ENAME='SCOTT' OR EMPNO=(SELECT MGR
  4                                FROM EMP
  5                                WHERE ENAME='SCOTT');

ENAME             SAL                                                                               
---------- ----------                                                                               
JONES            2975                                                                               
SCOTT            3000                                                                               

SQL> SELECT *
  2  FROM EMP NATURAL JOIN DEPT;

    DEPTNO      EMPNO ENAME      JOB              MGR HIREDATE         SAL       COMM DNAME         
---------- ---------- ---------- --------- ---------- --------- ---------- ---------- --------------
LOC                                                                                                 
-------------                                                                                       
        20       7369 SMITH      CLERK           7902 17-DEC-80        800            RESEARCH      
DALLAS                                                                                              
                                                                                                    
        30       7499 ALLEN      SALESMAN        7698 20-FEB-81       1600        300 SALES         
CHICAGO                                                                                             
                                                                                                    
        30       7521 WARD       SALESMAN        7698 22-FEB-81       1250        500 SALES         
CHICAGO                                                                                             
                                                                                                    
        20       7566 JONES      MANAGER         7839 02-APR-81       2975            RESEARCH      
DALLAS                                                                                              
                                                                                                    
        30       7654 MARTIN     SALESMAN        7698 28-SEP-81       1250       1400 SALES         
CHICAGO                                                                                             
                                                                                                    
        30       7698 BLAKE      MANAGER         7839 01-MAY-81       2850            SALES         
CHICAGO                                                                                             
                                                                                                    
        10       7782 CLARK      MANAGER         7839 09-JUN-81       2450            ACCOUNTING    
NEW YORK                                                                                            
                                                                                                    
        20       7788 SCOTT      ANALYST         7566 19-APR-87       3000            RESEARCH      
DALLAS                                                                                              
                                                                                                    
        10       7839 KING       PRESIDENT            17-NOV-81       5000            ACCOUNTING    
NEW YORK                                                                                            
                                                                                                    
        30       7844 TURNER     SALESMAN        7698 08-SEP-81       1500          0 SALES         
CHICAGO                                                                                             
                                                                                                    
        20       7876 ADAMS      CLERK           7788 23-MAY-87       1100            RESEARCH      
DALLAS                                                                                              
                                                                                                    
        30       7900 JAMES      CLERK           7698 03-DEC-81        950            SALES         
CHICAGO                                                                                             
                                                                                                    
        20       7902 FORD       ANALYST         7566 03-DEC-81       3000            RESEARCH      
DALLAS                                                                                              
                                                                                                    
        10       7934 MILLER     CLERK           7782 23-JAN-82       1300            ACCOUNTING    
NEW YORK                                                                                            
                                                                                                    

14 rows selected.

SQL> SET LINES 100 PAGES 100
SQL> SELECT *
  2  FROM EMP NATURAL JOIN DEPT;

    DEPTNO      EMPNO ENAME      JOB              MGR HIREDATE         SAL       COMM DNAME         
---------- ---------- ---------- --------- ---------- --------- ---------- ---------- --------------
LOC                                                                                                 
-------------                                                                                       
        20       7369 SMITH      CLERK           7902 17-DEC-80        800            RESEARCH      
DALLAS                                                                                              
                                                                                                    
        30       7499 ALLEN      SALESMAN        7698 20-FEB-81       1600        300 SALES         
CHICAGO                                                                                             
                                                                                                    
        30       7521 WARD       SALESMAN        7698 22-FEB-81       1250        500 SALES         
CHICAGO                                                                                             
                                                                                                    
        20       7566 JONES      MANAGER         7839 02-APR-81       2975            RESEARCH      
DALLAS                                                                                              
                                                                                                    
        30       7654 MARTIN     SALESMAN        7698 28-SEP-81       1250       1400 SALES         
CHICAGO                                                                                             
                                                                                                    
        30       7698 BLAKE      MANAGER         7839 01-MAY-81       2850            SALES         
CHICAGO                                                                                             
                                                                                                    
        10       7782 CLARK      MANAGER         7839 09-JUN-81       2450            ACCOUNTING    
NEW YORK                                                                                            
                                                                                                    
        20       7788 SCOTT      ANALYST         7566 19-APR-87       3000            RESEARCH      
DALLAS                                                                                              
                                                                                                    
        10       7839 KING       PRESIDENT            17-NOV-81       5000            ACCOUNTING    
NEW YORK                                                                                            
                                                                                                    
        30       7844 TURNER     SALESMAN        7698 08-SEP-81       1500          0 SALES         
CHICAGO                                                                                             
                                                                                                    
        20       7876 ADAMS      CLERK           7788 23-MAY-87       1100            RESEARCH      
DALLAS                                                                                              
                                                                                                    
        30       7900 JAMES      CLERK           7698 03-DEC-81        950            SALES         
CHICAGO                                                                                             
                                                                                                    
        20       7902 FORD       ANALYST         7566 03-DEC-81       3000            RESEARCH      
DALLAS                                                                                              
                                                                                                    
        10       7934 MILLER     CLERK           7782 23-JAN-82       1300            ACCOUNTING    
NEW YORK                                                                                            
                                                                                                    

14 rows selected.

SQL> SELECT *
  2  FROM EMP NATURAL JOIN SALGRADE;

     EMPNO ENAME      JOB              MGR HIREDATE         SAL       COMM     DEPTNO      GRADE    
---------- ---------- --------- ---------- --------- ---------- ---------- ---------- ----------    
     LOSAL      HISAL                                                                               
---------- ----------                                                                               
      7369 SMITH      CLERK           7902 17-DEC-80        800                    20          1    
       700       1200                                                                               
                                                                                                    
      7499 ALLEN      SALESMAN        7698 20-FEB-81       1600        300         30          1    
       700       1200                                                                               
                                                                                                    
      7521 WARD       SALESMAN        7698 22-FEB-81       1250        500         30          1    
       700       1200                                                                               
                                                                                                    
      7566 JONES      MANAGER         7839 02-APR-81       2975                    20          1    
       700       1200                                                                               
                                                                                                    
      7654 MARTIN     SALESMAN        7698 28-SEP-81       1250       1400         30          1    
       700       1200                                                                               
                                                                                                    
      7698 BLAKE      MANAGER         7839 01-MAY-81       2850                    30          1    
       700       1200                                                                               
                                                                                                    
      7782 CLARK      MANAGER         7839 09-JUN-81       2450                    10          1    
       700       1200                                                                               
                                                                                                    
      7788 SCOTT      ANALYST         7566 19-APR-87       3000                    20          1    
       700       1200                                                                               
                                                                                                    
      7839 KING       PRESIDENT            17-NOV-81       5000                    10          1    
       700       1200                                                                               
                                                                                                    
      7844 TURNER     SALESMAN        7698 08-SEP-81       1500          0         30          1    
       700       1200                                                                               
                                                                                                    
      7876 ADAMS      CLERK           7788 23-MAY-87       1100                    20          1    
       700       1200                                                                               
                                                                                                    
      7900 JAMES      CLERK           7698 03-DEC-81        950                    30          1    
       700       1200                                                                               
                                                                                                    
      7902 FORD       ANALYST         7566 03-DEC-81       3000                    20          1    
       700       1200                                                                               
                                                                                                    
      7934 MILLER     CLERK           7782 23-JAN-82       1300                    10          1    
       700       1200                                                                               
                                                                                                    
      7369 SMITH      CLERK           7902 17-DEC-80        800                    20          2    
      1201       1400                                                                               
                                                                                                    
      7499 ALLEN      SALESMAN        7698 20-FEB-81       1600        300         30          2    
      1201       1400                                                                               
                                                                                                    
      7521 WARD       SALESMAN        7698 22-FEB-81       1250        500         30          2    
      1201       1400                                                                               
                                                                                                    
      7566 JONES      MANAGER         7839 02-APR-81       2975                    20          2    
      1201       1400                                                                               
                                                                                                    
      7654 MARTIN     SALESMAN        7698 28-SEP-81       1250       1400         30          2    
      1201       1400                                                                               
                                                                                                    
      7698 BLAKE      MANAGER         7839 01-MAY-81       2850                    30          2    
      1201       1400                                                                               
                                                                                                    
      7782 CLARK      MANAGER         7839 09-JUN-81       2450                    10          2    
      1201       1400                                                                               
                                                                                                    
      7788 SCOTT      ANALYST         7566 19-APR-87       3000                    20          2    
      1201       1400                                                                               
                                                                                                    
      7839 KING       PRESIDENT            17-NOV-81       5000                    10          2    
      1201       1400                                                                               
                                                                                                    
      7844 TURNER     SALESMAN        7698 08-SEP-81       1500          0         30          2    
      1201       1400                                                                               
                                                                                                    
      7876 ADAMS      CLERK           7788 23-MAY-87       1100                    20          2    
      1201       1400                                                                               
                                                                                                    
      7900 JAMES      CLERK           7698 03-DEC-81        950                    30          2    
      1201       1400                                                                               
                                                                                                    
      7902 FORD       ANALYST         7566 03-DEC-81       3000                    20          2    
      1201       1400                                                                               
                                                                                                    
      7934 MILLER     CLERK           7782 23-JAN-82       1300                    10          2    
      1201       1400                                                                               
                                                                                                    
      7369 SMITH      CLERK           7902 17-DEC-80        800                    20          3    
      1401       2000                                                                               
                                                                                                    
      7499 ALLEN      SALESMAN        7698 20-FEB-81       1600        300         30          3    
      1401       2000                                                                               
                                                                                                    
      7521 WARD       SALESMAN        7698 22-FEB-81       1250        500         30          3    
      1401       2000                                                                               
                                                                                                    
      7566 JONES      MANAGER         7839 02-APR-81       2975                    20          3    
      1401       2000                                                                               

     EMPNO ENAME      JOB              MGR HIREDATE         SAL       COMM     DEPTNO      GRADE    
---------- ---------- --------- ---------- --------- ---------- ---------- ---------- ----------    
     LOSAL      HISAL                                                                               
---------- ----------                                                                               
                                                                                                    
      7654 MARTIN     SALESMAN        7698 28-SEP-81       1250       1400         30          3    
      1401       2000                                                                               
                                                                                                    
      7698 BLAKE      MANAGER         7839 01-MAY-81       2850                    30          3    
      1401       2000                                                                               
                                                                                                    
      7782 CLARK      MANAGER         7839 09-JUN-81       2450                    10          3    
      1401       2000                                                                               
                                                                                                    
      7788 SCOTT      ANALYST         7566 19-APR-87       3000                    20          3    
      1401       2000                                                                               
                                                                                                    
      7839 KING       PRESIDENT            17-NOV-81       5000                    10          3    
      1401       2000                                                                               
                                                                                                    
      7844 TURNER     SALESMAN        7698 08-SEP-81       1500          0         30          3    
      1401       2000                                                                               
                                                                                                    
      7876 ADAMS      CLERK           7788 23-MAY-87       1100                    20          3    
      1401       2000                                                                               
                                                                                                    
      7900 JAMES      CLERK           7698 03-DEC-81        950                    30          3    
      1401       2000                                                                               
                                                                                                    
      7902 FORD       ANALYST         7566 03-DEC-81       3000                    20          3    
      1401       2000                                                                               
                                                                                                    
      7934 MILLER     CLERK           7782 23-JAN-82       1300                    10          3    
      1401       2000                                                                               
                                                                                                    
      7369 SMITH      CLERK           7902 17-DEC-80        800                    20          4    
      2001       3000                                                                               
                                                                                                    
      7499 ALLEN      SALESMAN        7698 20-FEB-81       1600        300         30          4    
      2001       3000                                                                               
                                                                                                    
      7521 WARD       SALESMAN        7698 22-FEB-81       1250        500         30          4    
      2001       3000                                                                               
                                                                                                    
      7566 JONES      MANAGER         7839 02-APR-81       2975                    20          4    
      2001       3000                                                                               
                                                                                                    
      7654 MARTIN     SALESMAN        7698 28-SEP-81       1250       1400         30          4    
      2001       3000                                                                               
                                                                                                    
      7698 BLAKE      MANAGER         7839 01-MAY-81       2850                    30          4    
      2001       3000                                                                               
                                                                                                    
      7782 CLARK      MANAGER         7839 09-JUN-81       2450                    10          4    
      2001       3000                                                                               
                                                                                                    
      7788 SCOTT      ANALYST         7566 19-APR-87       3000                    20          4    
      2001       3000                                                                               
                                                                                                    
      7839 KING       PRESIDENT            17-NOV-81       5000                    10          4    
      2001       3000                                                                               
                                                                                                    
      7844 TURNER     SALESMAN        7698 08-SEP-81       1500          0         30          4    
      2001       3000                                                                               
                                                                                                    
      7876 ADAMS      CLERK           7788 23-MAY-87       1100                    20          4    
      2001       3000                                                                               
                                                                                                    
      7900 JAMES      CLERK           7698 03-DEC-81        950                    30          4    
      2001       3000                                                                               
                                                                                                    
      7902 FORD       ANALYST         7566 03-DEC-81       3000                    20          4    
      2001       3000                                                                               
                                                                                                    
      7934 MILLER     CLERK           7782 23-JAN-82       1300                    10          4    
      2001       3000                                                                               
                                                                                                    
      7369 SMITH      CLERK           7902 17-DEC-80        800                    20          5    
      3001       9999                                                                               
                                                                                                    
      7499 ALLEN      SALESMAN        7698 20-FEB-81       1600        300         30          5    
      3001       9999                                                                               
                                                                                                    
      7521 WARD       SALESMAN        7698 22-FEB-81       1250        500         30          5    
      3001       9999                                                                               
                                                                                                    
      7566 JONES      MANAGER         7839 02-APR-81       2975                    20          5    
      3001       9999                                                                               
                                                                                                    
      7654 MARTIN     SALESMAN        7698 28-SEP-81       1250       1400         30          5    
      3001       9999                                                                               
                                                                                                    
      7698 BLAKE      MANAGER         7839 01-MAY-81       2850                    30          5    
      3001       9999                                                                               
                                                                                                    
      7782 CLARK      MANAGER         7839 09-JUN-81       2450                    10          5    
      3001       9999                                                                               
                                                                                                    
      7788 SCOTT      ANALYST         7566 19-APR-87       3000                    20          5    

     EMPNO ENAME      JOB              MGR HIREDATE         SAL       COMM     DEPTNO      GRADE    
---------- ---------- --------- ---------- --------- ---------- ---------- ---------- ----------    
     LOSAL      HISAL                                                                               
---------- ----------                                                                               
      3001       9999                                                                               
                                                                                                    
      7839 KING       PRESIDENT            17-NOV-81       5000                    10          5    
      3001       9999                                                                               
                                                                                                    
      7844 TURNER     SALESMAN        7698 08-SEP-81       1500          0         30          5    
      3001       9999                                                                               
                                                                                                    
      7876 ADAMS      CLERK           7788 23-MAY-87       1100                    20          5    
      3001       9999                                                                               
                                                                                                    
      7900 JAMES      CLERK           7698 03-DEC-81        950                    30          5    
      3001       9999                                                                               
                                                                                                    
      7902 FORD       ANALYST         7566 03-DEC-81       3000                    20          5    
      3001       9999                                                                               
                                                                                                    
      7934 MILLER     CLERK           7782 23-JAN-82       1300                    10          5    
      3001       9999                                                                               
                                                                                                    

70 rows selected.

SQL> SET LINES 150 PAGES 150
SQL> ED
Wrote file afiedt.buf

  1  SELECT *
  2* FROM EMP NATURAL JOIN SALGRADE
  3  /

     EMPNO ENAME      JOB              MGR HIREDATE         SAL       COMM     DEPTNO      GRADE      LOSAL      HISAL                                
---------- ---------- --------- ---------- --------- ---------- ---------- ---------- ---------- ---------- ----------                                
      7369 SMITH      CLERK           7902 17-DEC-80        800                    20          1        700       1200                                
      7499 ALLEN      SALESMAN        7698 20-FEB-81       1600        300         30          1        700       1200                                
      7521 WARD       SALESMAN        7698 22-FEB-81       1250        500         30          1        700       1200                                
      7566 JONES      MANAGER         7839 02-APR-81       2975                    20          1        700       1200                                
      7654 MARTIN     SALESMAN        7698 28-SEP-81       1250       1400         30          1        700       1200                                
      7698 BLAKE      MANAGER         7839 01-MAY-81       2850                    30          1        700       1200                                
      7782 CLARK      MANAGER         7839 09-JUN-81       2450                    10          1        700       1200                                
      7788 SCOTT      ANALYST         7566 19-APR-87       3000                    20          1        700       1200                                
      7839 KING       PRESIDENT            17-NOV-81       5000                    10          1        700       1200                                
      7844 TURNER     SALESMAN        7698 08-SEP-81       1500          0         30          1        700       1200                                
      7876 ADAMS      CLERK           7788 23-MAY-87       1100                    20          1        700       1200                                
      7900 JAMES      CLERK           7698 03-DEC-81        950                    30          1        700       1200                                
      7902 FORD       ANALYST         7566 03-DEC-81       3000                    20          1        700       1200                                
      7934 MILLER     CLERK           7782 23-JAN-82       1300                    10          1        700       1200                                
      7369 SMITH      CLERK           7902 17-DEC-80        800                    20          2       1201       1400                                
      7499 ALLEN      SALESMAN        7698 20-FEB-81       1600        300         30          2       1201       1400                                
      7521 WARD       SALESMAN        7698 22-FEB-81       1250        500         30          2       1201       1400                                
      7566 JONES      MANAGER         7839 02-APR-81       2975                    20          2       1201       1400                                
      7654 MARTIN     SALESMAN        7698 28-SEP-81       1250       1400         30          2       1201       1400                                
      7698 BLAKE      MANAGER         7839 01-MAY-81       2850                    30          2       1201       1400                                
      7782 CLARK      MANAGER         7839 09-JUN-81       2450                    10          2       1201       1400                                
      7788 SCOTT      ANALYST         7566 19-APR-87       3000                    20          2       1201       1400                                
      7839 KING       PRESIDENT            17-NOV-81       5000                    10          2       1201       1400                                
      7844 TURNER     SALESMAN        7698 08-SEP-81       1500          0         30          2       1201       1400                                
      7876 ADAMS      CLERK           7788 23-MAY-87       1100                    20          2       1201       1400                                
      7900 JAMES      CLERK           7698 03-DEC-81        950                    30          2       1201       1400                                
      7902 FORD       ANALYST         7566 03-DEC-81       3000                    20          2       1201       1400                                
      7934 MILLER     CLERK           7782 23-JAN-82       1300                    10          2       1201       1400                                
      7369 SMITH      CLERK           7902 17-DEC-80        800                    20          3       1401       2000                                
      7499 ALLEN      SALESMAN        7698 20-FEB-81       1600        300         30          3       1401       2000                                
      7521 WARD       SALESMAN        7698 22-FEB-81       1250        500         30          3       1401       2000                                
      7566 JONES      MANAGER         7839 02-APR-81       2975                    20          3       1401       2000                                
      7654 MARTIN     SALESMAN        7698 28-SEP-81       1250       1400         30          3       1401       2000                                
      7698 BLAKE      MANAGER         7839 01-MAY-81       2850                    30          3       1401       2000                                
      7782 CLARK      MANAGER         7839 09-JUN-81       2450                    10          3       1401       2000                                
      7788 SCOTT      ANALYST         7566 19-APR-87       3000                    20          3       1401       2000                                
      7839 KING       PRESIDENT            17-NOV-81       5000                    10          3       1401       2000                                
      7844 TURNER     SALESMAN        7698 08-SEP-81       1500          0         30          3       1401       2000                                
      7876 ADAMS      CLERK           7788 23-MAY-87       1100                    20          3       1401       2000                                
      7900 JAMES      CLERK           7698 03-DEC-81        950                    30          3       1401       2000                                
      7902 FORD       ANALYST         7566 03-DEC-81       3000                    20          3       1401       2000                                
      7934 MILLER     CLERK           7782 23-JAN-82       1300                    10          3       1401       2000                                
      7369 SMITH      CLERK           7902 17-DEC-80        800                    20          4       2001       3000                                
      7499 ALLEN      SALESMAN        7698 20-FEB-81       1600        300         30          4       2001       3000                                
      7521 WARD       SALESMAN        7698 22-FEB-81       1250        500         30          4       2001       3000                                
      7566 JONES      MANAGER         7839 02-APR-81       2975                    20          4       2001       3000                                
      7654 MARTIN     SALESMAN        7698 28-SEP-81       1250       1400         30          4       2001       3000                                
      7698 BLAKE      MANAGER         7839 01-MAY-81       2850                    30          4       2001       3000                                
      7782 CLARK      MANAGER         7839 09-JUN-81       2450                    10          4       2001       3000                                
      7788 SCOTT      ANALYST         7566 19-APR-87       3000                    20          4       2001       3000                                
      7839 KING       PRESIDENT            17-NOV-81       5000                    10          4       2001       3000                                
      7844 TURNER     SALESMAN        7698 08-SEP-81       1500          0         30          4       2001       3000                                
      7876 ADAMS      CLERK           7788 23-MAY-87       1100                    20          4       2001       3000                                
      7900 JAMES      CLERK           7698 03-DEC-81        950                    30          4       2001       3000                                
      7902 FORD       ANALYST         7566 03-DEC-81       3000                    20          4       2001       3000                                
      7934 MILLER     CLERK           7782 23-JAN-82       1300                    10          4       2001       3000                                
      7369 SMITH      CLERK           7902 17-DEC-80        800                    20          5       3001       9999                                
      7499 ALLEN      SALESMAN        7698 20-FEB-81       1600        300         30          5       3001       9999                                
      7521 WARD       SALESMAN        7698 22-FEB-81       1250        500         30          5       3001       9999                                
      7566 JONES      MANAGER         7839 02-APR-81       2975                    20          5       3001       9999                                
      7654 MARTIN     SALESMAN        7698 28-SEP-81       1250       1400         30          5       3001       9999                                
      7698 BLAKE      MANAGER         7839 01-MAY-81       2850                    30          5       3001       9999                                
      7782 CLARK      MANAGER         7839 09-JUN-81       2450                    10          5       3001       9999                                
      7788 SCOTT      ANALYST         7566 19-APR-87       3000                    20          5       3001       9999                                
      7839 KING       PRESIDENT            17-NOV-81       5000                    10          5       3001       9999                                
      7844 TURNER     SALESMAN        7698 08-SEP-81       1500          0         30          5       3001       9999                                
      7876 ADAMS      CLERK           7788 23-MAY-87       1100                    20          5       3001       9999                                
      7900 JAMES      CLERK           7698 03-DEC-81        950                    30          5       3001       9999                                
      7902 FORD       ANALYST         7566 03-DEC-81       3000                    20          5       3001       9999                                
      7934 MILLER     CLERK           7782 23-JAN-82       1300                    10          5       3001       9999                                

70 rows selected.

SQL> create table users_info(userid int(10) not null,
  2       username varchar(25) default null,
  3       usermail varchar(25) default null,
  4       password varchar(25) default null,
  5       primary key(userid));
create table users_info(userid int(10) not null,
                                  *
ERROR at line 1:
ORA-00907: missing right parenthesis 


SQL> ed
Wrote file afiedt.buf

  1  create table users_info(userid NUMBER(10) not null,
  2       username varchar(25) default null,
  3       usermail varchar(25) default null,
  4       password varchar(25) default null,
  5*      primary key(userid))
SQL> /

Table created.

SQL> DESC USERS_INFO;
 Name                                                                                Null?    Type
 ----------------------------------------------------------------------------------- -------- --------------------------------------------------------
 USERID                                                                              NOT NULL NUMBER(10)
 USERNAME                                                                                     VARCHAR2(25)
 USERMAIL                                                                                     VARCHAR2(25)
 PASSWORD                                                                                     VARCHAR2(25)

SQL>  insert into users_info values(2019001,'hema','hema@gmail.com','qwert12');

1 row created.

SQL> select *
  2  from users_info;

    USERID USERNAME                  USERMAIL                  PASSWORD                                                                               
---------- ------------------------- ------------------------- -------------------------                                                              
   2019001 hema                      hema@gmail.com            qwert12                                                                                

SQL> ed
Wrote file afiedt.buf

  1  select *
  2* from users_info
SQL> /

    USERID USERNAME                  USERMAIL                  PASSWORD                                                                               
---------- ------------------------- ------------------------- -------------------------                                                              
   2019001 hema                      hema@gmail.com            qwert12                                                                                

SQL>  insert into users_info values(2019006,'cha','cha@gmail.com','qwert17');

1 row created.

SQL> ed
Wrote file afiedt.buf

  1*  insert into users_info values(2019006,'cha','cha@gmail.com','qwert17')
SQL> select *
  2  from users_info;

    USERID USERNAME                  USERMAIL                  PASSWORD                                                                               
---------- ------------------------- ------------------------- -------------------------                                                              
   2019001 hema                      hema@gmail.com            qwert12                                                                                
   2019006 cha                       cha@gmail.com             qwert17                                                                                

SQL> spool off
